"";"Rich";"LCBD";"Repl";"RicDif";"Taxon_Group";"Taxon_Lake"
"Achensee...1";929;0,0179880548733718;0,421209791120362;0,190902827496743;"16S_Bacterioplankton";"Achensee 16S_Bacterioplankton"
"Almsee...2";671;0,0223452099839566;0,567674839615191;0,116096937738319;"16S_Bacterioplankton";"Almsee 16S_Bacterioplankton"
"Ausseer_See...3";570;0,0191317737120464;0,464793106350269;0,166129476046022;"16S_Bacterioplankton";"Ausseer_See 16S_Bacterioplankton"
"Baldeggersee...4";730;0,0198639082066391;0,532354033450111;0,110609465698711;"16S_Bacterioplankton";"Baldeggersee 16S_Bacterioplankton"
"Bielersee...5";732;0,0174526479331869;0,489519151499893;0,113787994293425;"16S_Bacterioplankton";"Bielersee 16S_Bacterioplankton"
"Brienzersee...6";445;0,0228224120298043;0,403061491086042;0,288558502886993;"16S_Bacterioplankton";"Brienzersee 16S_Bacterioplankton"
"Brunnsee...7";585;0,0216246679227269;0,520066755614741;0,151854757832285;"16S_Bacterioplankton";"Brunnsee 16S_Bacterioplankton"
"Burgschisee...8";798;0,0176960923460508;0,479062380949943;0,128248529084526;"16S_Bacterioplankton";"Burgschisee 16S_Bacterioplankton"
"Caumasee...9";495;0,023232578452402;0,469370124765403;0,22899559664659;"16S_Bacterioplankton";"Caumasee 16S_Bacterioplankton"
"Erlaufsee...10";413;0,0240257649454749;0,385317103197554;0,326093615551487;"16S_Bacterioplankton";"Erlaufsee 16S_Bacterioplankton"
"Gleinkersee...11";782;0,0184400452813235;0,497571533272;0,121974663349262;"16S_Bacterioplankton";"Gleinkersee 16S_Bacterioplankton"
"Greifensee...12";872;0,0181488897386576;0,45562482500641;0,159132934958512;"16S_Bacterioplankton";"Greifensee 16S_Bacterioplankton"
"Grundlsee...13";557;0,0199238093665697;0,468498882288037;0,175449770388494;"16S_Bacterioplankton";"Grundlsee 16S_Bacterioplankton"
"Hallstaettersee...14";785;0,017761669276763;0,483107009420434;0,125282399673188;"16S_Bacterioplankton";"Hallstaettersee 16S_Bacterioplankton"
"Halwilersee...15";605;0,0194000864445928;0,492877580712844;0,142457758219434;"16S_Bacterioplankton";"Halwilersee 16S_Bacterioplankton"
"Hechtsee...16";662;0,0194475825858181;0,514994716230625;0,121121759346334;"16S_Bacterioplankton";"Hechtsee 16S_Bacterioplankton"
"Hinterer_Gosausee...17";571;0,0210651962649658;0,50044238654709;0,162277878077137;"16S_Bacterioplankton";"Hinterer_Gosausee 16S_Bacterioplankton"
"Hintersteiner_See...18";733;0,0186845405282071;0,510097190262305;0,113470052950611;"16S_Bacterioplankton";"Hintersteiner_See 16S_Bacterioplankton"
"Hubertussee...19";770;0,0205418193339382;0,536874369467816;0,117238271689353;"16S_Bacterioplankton";"Hubertussee 16S_Bacterioplankton"
"Inkwilersee...20";588;0,0233143503377542;0,552346438715291;0,14736412913065;"16S_Bacterioplankton";"Inkwilersee 16S_Bacterioplankton"
"Irrsee...21";700;0,0182426253640113;0,502017609737072;0,114281756134915;"16S_Bacterioplankton";"Irrsee 16S_Bacterioplankton"
"Klostersee...22";748;0,0189742377227296;0,515236957657839;0,113094737754026;"16S_Bacterioplankton";"Klostersee 16S_Bacterioplankton"
"Krotensee...23";798;0,0179471367809619;0,482721921513757;0,128717745141628;"16S_Bacterioplankton";"Krotensee 16S_Bacterioplankton"
"Lag_Grond...24";952;0,0182072273843144;0,413681863494096;0,202035335945514;"16S_Bacterioplankton";"Lag_Grond 16S_Bacterioplankton"
"Langbuergner_See...25";757;0,0185683716973105;0,505870512801907;0,115786180870733;"16S_Bacterioplankton";"Langbuergner_See 16S_Bacterioplankton"
"Lunzer_Obersee...26";891;0,017704837126643;0,436967637533504;0,170487091943849;"16S_Bacterioplankton";"Lunzer_Obersee 16S_Bacterioplankton"
"Lunzer_Untersee...27";599;0,0191240381997683;0,484654277837706;0,14614108386339;"16S_Bacterioplankton";"Lunzer_Untersee 16S_Bacterioplankton"
"Mondsee...28";679;0,018821865352637;0,508401148744168;0,117424582207311;"16S_Bacterioplankton";"Mondsee 16S_Bacterioplankton"
"Murtensee...29";787;0,0175977905341295;0,481006770970144;0,124687436200699;"16S_Bacterioplankton";"Murtensee 16S_Bacterioplankton"
"Neuenburgersee...30";733;0,0173837393612876;0,488507751446751;0,113666102056825;"16S_Bacterioplankton";"Neuenburgersee 16S_Bacterioplankton"
"Offensee...31";703;0,0183514896034768;0,503714886057328;0,114374895721045;"16S_Bacterioplankton";"Offensee 16S_Bacterioplankton"
"Reintalersee...32";985;0,0172117526918867;0,37356155320997;0,225783752828494;"16S_Bacterioplankton";"Reintalersee 16S_Bacterioplankton"
"Rotsee...33";830;0,0179253894704548;0,470113412234408;0,140968591235672;"16S_Bacterioplankton";"Rotsee 16S_Bacterioplankton"
"Rumensee...34";843;0,0197327050052409;0,49812817341226;0,142677516157354;"16S_Bacterioplankton";"Rumensee 16S_Bacterioplankton"
"Schliersee...35";873;0,0190052481624269;0,471209775404494;0,157631927561464;"16S_Bacterioplankton";"Schliersee 16S_Bacterioplankton"
"Schwarzensee_Strobl...36";841;0,017541152344328;0,458384819780362;0,146377897707299;"16S_Bacterioplankton";"Schwarzensee_Strobl 16S_Bacterioplankton"
"Seitenarm_Hubertussee...37";1015;0,019918708245088;0,408121846196733;0,235742911813504;"16S_Bacterioplankton";"Seitenarm_Hubertussee 16S_Bacterioplankton"
"Sempachersee...38";497;0,0220011127610631;0,44874961856623;0,229363026419882;"16S_Bacterioplankton";"Sempachersee 16S_Bacterioplankton"
"Spitzingsee...39";962;0,0174899693022239;0,39392149990811;0,209999444990404;"16S_Bacterioplankton";"Spitzingsee 16S_Bacterioplankton"
"Steirersee...40";505;0,0211393747439421;0,440656699117307;0,223283528364535;"16S_Bacterioplankton";"Steirersee 16S_Bacterioplankton"
"Tegernsee...41";951;0,0168016137935864;0,386878021237212;0,205722010035643;"16S_Bacterioplankton";"Tegernsee 16S_Bacterioplankton"
"Thunersee...42";546;0,0202374469580454;0,464037278175912;0,185069558082071;"16S_Bacterioplankton";"Thunersee 16S_Bacterioplankton"
"Toplitzsee...43";693;0,0190745890775324;0,514732894927018;0,115249210782556;"16S_Bacterioplankton";"Toplitzsee 16S_Bacterioplankton"
"Tuerlersee...44";748;0,0185472669017708;0,507081853074787;0,114227744418054;"16S_Bacterioplankton";"Tuerlersee 16S_Bacterioplankton"
"Vierwaldstaettersee...45";714;0,0177098917179475;0,493665083342665;0,113872775550889;"16S_Bacterioplankton";"Vierwaldstaettersee 16S_Bacterioplankton"
"Vorderer_Gosausee...46";607;0,0192611564718188;0,49167263795299;0,141377814460545;"16S_Bacterioplankton";"Vorderer_Gosausee 16S_Bacterioplankton"
"Walchsee...47";620;0,0195488516884459;0,502518856119395;0,135263123327892;"16S_Bacterioplankton";"Walchsee 16S_Bacterioplankton"
"Wallersee...48";605;0,0201237843560422;0,506061518799055;0,141175986156134;"16S_Bacterioplankton";"Wallersee 16S_Bacterioplankton"
"Weitsee...49";880;0,0180951339197533;0,450497293945548;0,163376380724705;"16S_Bacterioplankton";"Weitsee 16S_Bacterioplankton"
"Wolfgangsee...50";636;0,0183444387601111;0,487182958863423;0,130790862502446;"16S_Bacterioplankton";"Wolfgangsee 16S_Bacterioplankton"
"Zuerichsee...51";708;0,0174923101986171;0,489608673842897;0,114350770182219;"16S_Bacterioplankton";"Zuerichsee 16S_Bacterioplankton"
"Zugersee...52";621;0,0189636447381555;0,492802076647527;0,135355403170946;"16S_Bacterioplankton";"Zugersee 16S_Bacterioplankton"
"Achensee...53";79;0,00837234271617414;0,0470489279722729;0,0984887917638326;"18S_Protista";"Achensee 18S_Protista"
"Almsee...54";58;0,0456653591138616;0,160707930983689;0,17341370635599;"18S_Protista";"Almsee 18S_Protista"
"Ausseer_See...55";68;0,023510586697131;0,134406561475437;0,0876824708475633;"18S_Protista";"Ausseer_See 18S_Protista"
"Baldeggersee...56";57;0,0474584431782452;0,157690470270481;0,185498463043544;"18S_Protista";"Baldeggersee 18S_Protista"
"Bielersee...57";82;0,00439707841232758;0;0,125435540069686;"18S_Protista";"Bielersee 18S_Protista"
"Brienzersee...58";70;0,0229461011260632;0,140590755918458;0,078643776803666;"18S_Protista";"Brienzersee 18S_Protista"
"Brunnsee...59";58;0,0447362366209641;0,155880049565588;0,173543186395782;"18S_Protista";"Brunnsee 18S_Protista"
"Burgschisee...60";74;0,0162036269099249;0,112040507385508;0,073098574637185;"18S_Protista";"Burgschisee 18S_Protista"
"Caumasee...61";80;0,00695355435379525;0,031942677703421;0,10642049050876;"18S_Protista";"Caumasee 18S_Protista"
"Gleinkersee...62";72;0,0188757990652473;0,124947063381948;0,0737047012349347;"18S_Protista";"Gleinkersee 18S_Protista"
"Greifensee...63";76;0,0121757722924653;0,0846182190600662;0,0801527437630953;"18S_Protista";"Greifensee 18S_Protista"
"Grundlsee...64";74;0,0151969658949783;0,106764312438832;0,073284270175795;"18S_Protista";"Grundlsee 18S_Protista"
"Halwilersee...65";73;0,0196971929816035;0,131207115080686;0,0715982873377183;"18S_Protista";"Halwilersee 18S_Protista"
"Hechtsee...66";74;0,0162490684504817;0,112242067312552;0,0731268042141265;"18S_Protista";"Hechtsee 18S_Protista"
"Hinterer_Gosausee...67";68;0,0241680759127759;0,13778817465911;0,0876256595717368;"18S_Protista";"Hinterer_Gosausee 18S_Protista"
"Hintersteiner_See...68";75;0,0145001387859348;0,100190940874437;0,0763339153482437;"18S_Protista";"Hintersteiner_See 18S_Protista"
"Hubertussee...69";65;0,0325210311121039;0,161247862264371;0,10640532847919;"18S_Protista";"Hubertussee 18S_Protista"
"Inkwilersee...70";67;0,0261844217515793;0,142476978236947;0,0931331456549538;"18S_Protista";"Inkwilersee 18S_Protista"
"Irrsee...71";77;0,0116199636465813;0,0770566868532143;0,0849036539821467;"18S_Protista";"Irrsee 18S_Protista"
"Kirchsee...72";73;0,0164204873752823;0,114019742367319;0,0722159631007482;"18S_Protista";"Kirchsee 18S_Protista"
"Klostersee...73";59;0,0438864666511843;0,163434239911319;0,161691865770911;"18S_Protista";"Klostersee 18S_Protista"
"Krotensee...74";74;0,0155976227435935;0,108931419793931;0,0731432107359632;"18S_Protista";"Krotensee 18S_Protista"
"Lag_Grond...75";78;0,0114481220855849;0,0700572731350896;0,0910340965654555;"18S_Protista";"Lag_Grond 18S_Protista"
"Lunzer_Obersee...76";62;0,0356227390691696;0,152537714168184;0,130800242633665;"18S_Protista";"Lunzer_Obersee 18S_Protista"
"Lunzer_Untersee...77";62;0,0346656088906647;0,147544032810904;0,130953892903241;"18S_Protista";"Lunzer_Untersee 18S_Protista"
"Mondsee...78";81;0,00581342708836531;0,0174216027874564;0,115176151761518;"18S_Protista";"Mondsee 18S_Protista"
"Murtensee...79";77;0,0122473072227795;0,0803987346828318;0,0847339671120527;"18S_Protista";"Murtensee 18S_Protista"
"Neuenburgersee...80";79;0,0099136532110823;0,055423741312243;0,0979081018134444;"18S_Protista";"Neuenburgersee 18S_Protista"
"Offensee...81";76;0,0128467395693248;0,0883029448087951;0,0798609759962208;"18S_Protista";"Offensee 18S_Protista"
"Reintalersee...82";70;0,0251472435140026;0,151882937047667;0,0784823674601003;"18S_Protista";"Reintalersee 18S_Protista"
"Rotsee...83";73;0,0194872929192323;0,129966713321459;0,0717772631279362;"18S_Protista";"Rotsee 18S_Protista"
"Rumensee...84";64;0,0338136706832881;0,160174086717407;0,114015744339285;"18S_Protista";"Rumensee 18S_Protista"
"Schliersee...85";73;0,0187840953004444;0,126544307950029;0,0716437276125693;"18S_Protista";"Schliersee 18S_Protista"
"Schwarzensee_Strobl...86";80;0,00706461103730567;0,0324527281553995;0,106472033257748;"18S_Protista";"Schwarzensee_Strobl 18S_Protista"
"Sempachersee...87";61;0,038494477242358;0,156926742418645;0,140933065586026;"18S_Protista";"Sempachersee 18S_Protista"
"Spitzingsee...88";73;0,0173456081451287;0,118961693166203;0,0719521777034939;"18S_Protista";"Spitzingsee 18S_Protista"
"Steirersee...89";63;0,0328869022053998;0,146970256686483;0,122533076812383;"18S_Protista";"Steirersee 18S_Protista"
"Tegernsee...90";81;0,00590274637424156;0,0179193628670981;0,115130062865254;"18S_Protista";"Tegernsee 18S_Protista"
"Thunersee...91";71;0,0245495969488546;0,152107461409054;0,0752356544563134;"18S_Protista";"Thunersee 18S_Protista"
"Toplitzsee...92";62;0,0355453611360154;0,151950107990404;0,130996562850163;"18S_Protista";"Toplitzsee 18S_Protista"
"Tuerlersee...93";82;0,00439707841232758;0;0,125435540069686;"18S_Protista";"Tuerlersee 18S_Protista"
"Vierwaldstaettersee...94";81;0,00535346314681208;0,0149328023892484;0,115338999194981;"18S_Protista";"Vierwaldstaettersee 18S_Protista"
"Vorderer_Gosausee...95";67;0,0246487665090684;0,134688139326373;0,0931564587460839;"18S_Protista";"Vorderer_Gosausee 18S_Protista"
"Walchsee...96";67;0,0282528674129615;0,153388754192254;0,0926811185709587;"18S_Protista";"Walchsee 18S_Protista"
"Wallersee...97";70;0,0219216638918521;0,135008820935433;0,0790453213107285;"18S_Protista";"Wallersee 18S_Protista"
"Weitsee...98";76;0,0140587935593915;0,0946857305121173;0,0796073241595816;"18S_Protista";"Weitsee 18S_Protista"
"Wolfgangsee...99";77;0,0119871958563648;0,0790094617198074;0,0848079047863299;"18S_Protista";"Wolfgangsee 18S_Protista"
"Zuerichsee...100";82;0,00439707841232758;0;0,125435540069686;"18S_Protista";"Zuerichsee 18S_Protista"
"Zugersee...101";73;0,0160675543633542;0,112344288478091;0,0721066997300131;"18S_Protista";"Zugersee 18S_Protista"
"Achensee...102";3;0,0225821325821399;0,449225615106689;0,488061831107228;"Phytoplankton";"Achensee Phytoplankton"
"Almsee...103";5;0,0197796291046622;0,518810133451;0,356790610662128;"Phytoplankton";"Almsee Phytoplankton"
"Ausseer_See...104";8;0,0213416789517962;0,64387023828487;0,266113229832391;"Phytoplankton";"Ausseer_See Phytoplankton"
"Bielersee...105";14;0,0176584915125958;0,495421517035772;0,333490263510274;"Phytoplankton";"Bielersee Phytoplankton"
"Brienzersee...106";5;0,021043083347416;0,559036216785712;0,344374778453625;"Phytoplankton";"Brienzersee Phytoplankton"
"Brunnsee...107";10;0,0187687840596338;0,574246583796644;0,279104162175948;"Phytoplankton";"Brunnsee Phytoplankton"
"Burgschisee...108";5;0,0228781380743177;0,610724803389428;0,333078104005147;"Phytoplankton";"Burgschisee Phytoplankton"
"Caumasee...109";4;0,0227793434702576;0,540459393547629;0,401168917683624;"Phytoplankton";"Caumasee Phytoplankton"
"Erlaufsee...110";3;0,0199194129039496;0,362076622716211;0,516600942408723;"Phytoplankton";"Erlaufsee Phytoplankton"
"Gleinkersee...111";14;0,0187388300720103;0,529048702865871;0,323642717355262;"Phytoplankton";"Gleinkersee Phytoplankton"
"Greifensee...112";20;0,0182510566300123;0,406168354164147;0,435786545923818;"Phytoplankton";"Greifensee Phytoplankton"
"Grundlsee...113";7;0,0213302097606226;0,62841481838931;0,281316198094991;"Phytoplankton";"Grundlsee Phytoplankton"
"Hallstaettersee...114";1;0,022290831771828;0,16192706880323;0,768948472322311;"Phytoplankton";"Hallstaettersee Phytoplankton"
"Halwilersee...115";13;0,018475509852483;0,537099044460224;0,309796359424216;"Phytoplankton";"Halwilersee Phytoplankton"
"Hechtsee...116";16;0,0182286880944457;0,48088250206293;0,360580037818879;"Phytoplankton";"Hechtsee Phytoplankton"
"Hinterer_Gosausee...117";7;0,0213450463667157;0,632261298900618;0,277796290345362;"Phytoplankton";"Hinterer_Gosausee Phytoplankton"
"Hintersteiner_See...118";8;0,0186377623170731;0,570645469799192;0,279821319287344;"Phytoplankton";"Hintersteiner_See Phytoplankton"
"Hubertussee...119";6;0,0197142177337303;0,558407161458514;0,31575379434209;"Phytoplankton";"Hubertussee Phytoplankton"
"Irrsee...120";12;0,0189922790176778;0,563230522763278;0,295039634374612;"Phytoplankton";"Irrsee Phytoplankton"
"Kirchsee...121";20;0,0194730489142474;0,444234597008589;0,424617923229671;"Phytoplankton";"Kirchsee Phytoplankton"
"Klostersee...122";18;0,0187752882244622;0,461179178530182;0,392314732466614;"Phytoplankton";"Klostersee Phytoplankton"
"Krotensee...123";12;0,0190825468583636;0,56614709853648;0,294109969747968;"Phytoplankton";"Krotensee Phytoplankton"
"Lag_Grond...124";18;0,0187938261654932;0,456778330838473;0,397123624057334;"Phytoplankton";"Lag_Grond Phytoplankton"
"Langbuergner_See...125";19;0,018759326486484;0,4412194339383;0,411923138698495;"Phytoplankton";"Langbuergner_See Phytoplankton"
"Lunzer_Obersee...126";16;0,018106698501552;0,471285187248035;0,367492204966088;"Phytoplankton";"Lunzer_Obersee Phytoplankton"
"Lunzer_Untersee...127";5;0,0224084074720411;0,598590171946478;0,334873361398028;"Phytoplankton";"Lunzer_Untersee Phytoplankton"
"Melchsee...128";8;0,0213164674081085;0,642658224242367;0,26677030540739;"Phytoplankton";"Melchsee Phytoplankton"
"Mondsee...129";10;0,0197399518219668;0,600037715088146;0,274689681056828;"Phytoplankton";"Mondsee Phytoplankton"
"Murtensee...130";15;0,0188293825716123;0,511341514289258;0,343343082786897;"Phytoplankton";"Murtensee Phytoplankton"
"Neuenburgersee...131";11;0,0185009306214525;0,560687574712221;0,286767372956981;"Phytoplankton";"Neuenburgersee Phytoplankton"
"Offensee...132";12;0,020488403283677;0,603918258424545;0,287283515977748;"Phytoplankton";"Offensee Phytoplankton"
"Reintalersee...133";21;0,018775454305602;0,400050649466494;0,453446917189564;"Phytoplankton";"Reintalersee Phytoplankton"
"Rotsee...134";9;0,0200208618146015;0,610985666051193;0,269924919935312;"Phytoplankton";"Rotsee Phytoplankton"
"Schwarzensee_Strobl...135";5;0,0210126575068166;0,560994527621315;0,341746755776343;"Phytoplankton";"Schwarzensee_Strobl Phytoplankton"
"Seitenarm_Hubertussee...136";6;0,0217955553564429;0,617553094000718;0,302420776907841;"Phytoplankton";"Seitenarm_Hubertussee Phytoplankton"
"Sempachersee...137";20;0,0181876071518678;0,406040414073631;0,434517881482635;"Phytoplankton";"Sempachersee Phytoplankton"
"Soppensee...138";11;0,0179788530107661;0,546565443368102;0,289397905342269;"Phytoplankton";"Soppensee Phytoplankton"
"Steirersee...139";1;0,0240978234431694;0,22622713715593;0,744422612217504;"Phytoplankton";"Steirersee Phytoplankton"
"Tegernsee...140";7;0,0182046272252646;0,543236785886523;0,297696143352019;"Phytoplankton";"Tegernsee Phytoplankton"
"Thunersee...141";3;0,0218711660413947;0,426979756913193;0,494658402313201;"Phytoplankton";"Thunersee Phytoplankton"
"Toplitzsee...142";2;0,0221998760888043;0,318072645448806;0,610800844236603;"Phytoplankton";"Toplitzsee Phytoplankton"
"Tuerlersee...143";13;0,0176335042055681;0,51740561666339;0,31095616115213;"Phytoplankton";"Tuerlersee Phytoplankton"
"Vierwaldstaettersee...144";9;0,0191159006642962;0,585520307893898;0,275470920510966;"Phytoplankton";"Vierwaldstaettersee Phytoplankton"
"Vorderer_Gosausee...145";9;0,0202064349522693;0,618162399468188;0,266832889696465;"Phytoplankton";"Vorderer_Gosausee Phytoplankton"
"Walchsee...146";5;0,0221969770498629;0,593681492368328;0,335128185745395;"Phytoplankton";"Walchsee Phytoplankton"
"Wallersee...147";5;0,0213399038330847;0,564814584108702;0,345129811365105;"Phytoplankton";"Wallersee Phytoplankton"
"Weitsee...148";9;0,0195024937932257;0,598749345574733;0,270751294279622;"Phytoplankton";"Weitsee Phytoplankton"
"Wolfgangsee...149";7;0,0198829249518372;0,590956238021711;0,286918180398743;"Phytoplankton";"Wolfgangsee Phytoplankton"
"Zuerichsee...150";10;0,0184969360201769;0,568179807544823;0,279187213818174;"Phytoplankton";"Zuerichsee Phytoplankton"
"Zugersee...151";6;0,0204510386321194;0,580883763137149;0,309495567279522;"Phytoplankton";"Zugersee Phytoplankton"
"Almsee...152";5;0,0307268584792173;0,601497967844122;0,173909317178548;"Zooplankton";"Almsee Zooplankton"
"Ausseer_See...153";5;0,015868829554896;0,338090541936696;0,206700831220062;"Zooplankton";"Ausseer_See Zooplankton"
"Baldeggersee...154";7;0,0155064700525367;0,365666278166278;0,173500804750805;"Zooplankton";"Baldeggersee Zooplankton"
"Bielersee...155";8;0,0205292158713427;0,383669108669109;0,233457514707515;"Zooplankton";"Bielersee Zooplankton"
"Brienzersee...156";7;0,015990332348788;0,371107524953679;0,175569729415883;"Zooplankton";"Brienzersee Zooplankton"
"Brunnsee...157";7;0,023505344961214;0,500971250971251;0,162348762348762;"Zooplankton";"Brunnsee Zooplankton"
"Burgschisee...158";6;0,0223612437925809;0,498833111333111;0,146728965478965;"Zooplankton";"Burgschisee Zooplankton"
"Caumasee...159";3;0,0222848124530347;0,22730463980464;0,417071123321123;"Zooplankton";"Caumasee Zooplankton"
"Erlaufsee...160";6;0,0239851639261426;0,526232101232101;0,144535325785326;"Zooplankton";"Erlaufsee Zooplankton"
"Gleinkersee...161";6;0,0147997259935287;0,368788156288156;0,159409340659341;"Zooplankton";"Gleinkersee Zooplankton"
"Greifensee...162";6;0,0156830563592883;0,384580163426317;0,157327768385461;"Zooplankton";"Greifensee Zooplankton"
"Grundlsee...163";7;0,0175552769192712;0,396217671217671;0,174749555999556;"Zooplankton";"Grundlsee Zooplankton"
"Hallstaettersee...164";6;0,0150544421140387;0,373889465235619;0,158261556819249;"Zooplankton";"Hallstaettersee Zooplankton"
"Halwilersee...165";6;0,0163424322417364;0,394677544677545;0,157464757464757;"Zooplankton";"Halwilersee Zooplankton"
"Hechtsee...166";8;0,023716581517176;0,441181041181041;0,225417637917638;"Zooplankton";"Hechtsee Zooplankton"
"Hinterer_Gosausee...167";4;0,0150435911330397;0,226846764346764;0,305135836385836;"Zooplankton";"Hinterer_Gosausee Zooplankton"
"Hintersteiner_See...168";3;0,0286710307939783;0,358882783882784;0,384615384615385;"Zooplankton";"Hintersteiner_See Zooplankton"
"Hubertussee...169";6;0,0286324300450316;0,60407541176772;0,138823622958238;"Zooplankton";"Hubertussee Zooplankton"
"Inkwilersee...170";3;0,0294159011293797;0,374542124542125;0,380517399267399;"Zooplankton";"Inkwilersee Zooplankton"
"Irrsee...171";7;0,0180393867664199;0,407799145299145;0,170682095682096;"Zooplankton";"Irrsee Zooplankton"
"Kirchsee...172";6;0,0154715619378083;0,380906593406593;0,15771867021867;"Zooplankton";"Kirchsee Zooplankton"
"Klostersee...173";11;0,0212158498581507;0,212700760777684;0,415083314121776;"Zooplankton";"Klostersee Zooplankton"
"Krotensee...174";6;0,0190040307255339;0,439060939060939;0,154392829392829;"Zooplankton";"Krotensee Zooplankton"
"Lag_Grond...175";5;0,0182842833680031;0,377624618970773;0,204657735426966;"Zooplankton";"Lag_Grond Zooplankton"
"Langbuergner_See...176";7;0,0119520104934329;0,299465811965812;0,184531440781441;"Zooplankton";"Langbuergner_See Zooplankton"
"Lunzer_Obersee...177";5;0,029089034236923;0,572402597402597;0,177583527583528;"Zooplankton";"Lunzer_Obersee Zooplankton"
"Lunzer_Untersee...178";4;0,0150435911330397;0,226846764346764;0,305135836385836;"Zooplankton";"Lunzer_Untersee Zooplankton"
"Melchsee...179";4;0,0282972770739286;0,47546065046065;0,262236374736375;"Zooplankton";"Melchsee Zooplankton"
"Mondsee...180";9;0,0132478672385342;0,182087143625605;0,322023489331182;"Zooplankton";"Mondsee Zooplankton"
"Murtensee...181";7;0,0182463530694033;0,406548472894627;0,175145153991308;"Zooplankton";"Murtensee Zooplankton"
"Neuenburgersee...182";6;0,0225500322956461;0,502266643612797;0,146225676033368;"Zooplankton";"Neuenburgersee Zooplankton"
"Offensee...183";6;0,0163653960256693;0,394689498535652;0,157809231366924;"Zooplankton";"Offensee Zooplankton"
"Reintalersee...184";7;0,0179651902613635;0,40538073038073;0,171948884448884;"Zooplankton";"Reintalersee Zooplankton"
"Rotsee...185";5;0,0143832869347267;0,307905982905983;0,213827838827839;"Zooplankton";"Rotsee Zooplankton"
"Rumensee...186";3;0,0322302591460623;0,427700931547085;0,371041084983393;"Zooplankton";"Rumensee Zooplankton"
"Schliersee...187";1;0,0370130868868868;0,116040903540904;0,756936813186813;"Zooplankton";"Schliersee Zooplankton"
"Schwarzensee_Strobl...188";7;0,0162190693779075;0,378321678321678;0,171905871905872;"Zooplankton";"Schwarzensee_Strobl Zooplankton"
"Sempachersee...189";7;0,0192586883965264;0,430344121690276;0,167062264658419;"Zooplankton";"Sempachersee Zooplankton"
"Soppensee...190";3;0,0211740103182975;0,200015262515263;0,427119408369408;"Zooplankton";"Soppensee Zooplankton"
"Spitzingsee...191";6;0,0176212492334058;0,415938228438228;0,156052974802975;"Zooplankton";"Spitzingsee Zooplankton"
"Steirersee...192";5;0,0161950672554886;0,344566544566545;0,205288461538462;"Zooplankton";"Steirersee Zooplankton"
"Tegernsee...193";8;0,011053613905006;0,217105970952125;0,252946999581615;"Zooplankton";"Tegernsee Zooplankton"
"Toplitzsee...194";6;0,0146332652061186;0,366530157876312;0,159083651391344;"Zooplankton";"Toplitzsee Zooplankton"
"Tuerlersee...195";6;0,0116485199697379;0,313862526362526;0,165424159174159;"Zooplankton";"Tuerlersee Zooplankton"
"Vierwaldstaettersee...196";7;0,014179445961822;0,343494859841014;0,175075085171239;"Zooplankton";"Vierwaldstaettersee Zooplankton"
"Vorderer_Gosausee...197";5;0,0180798407088896;0,377879919226073;0,20122921949845;"Zooplankton";"Vorderer_Gosausee Zooplankton"
"Walchsee...198";7;0,0177758997800898;0,400485625485625;0,173905955155955;"Zooplankton";"Walchsee Zooplankton"
"Wallersee...199";7;0,0155064700525367;0,365666278166278;0,173500804750805;"Zooplankton";"Wallersee Zooplankton"
"Weitsee...200";4;0,0235890171645066;0,384554334554335;0,28006438006438;"Zooplankton";"Weitsee Zooplankton"
"Wolfgangsee...201";8;0,011053613905006;0,217105970952125;0,252946999581615;"Zooplankton";"Wolfgangsee Zooplankton"
"Zuerichsee...202";7;0,0122579352676181;0,306140547486701;0,182605055201209;"Zooplankton";"Zuerichsee Zooplankton"
"Zugersee...203";6;0,0156830563592883;0,384580163426317;0,157327768385461;"Zooplankton";"Zugersee Zooplankton"
"Achensee...204";22;0,0157465964433866;0,188209573790763;0,23563467867372;"18S_Zooplankton";"Achensee 18S_Zooplankton"
"Almsee...205";14;0,0276656031131833;0,352781442644143;0,210789985793372;"18S_Zooplankton";"Almsee 18S_Zooplankton"
"Ausseer_See...206";15;0,0203736873698662;0,277472967939672;0,200614927979242;"18S_Zooplankton";"Ausseer_See 18S_Zooplankton"
"Baldeggersee...207";5;0,0470919862366822;0,173003401842686;0,618304592939326;"18S_Zooplankton";"Baldeggersee 18S_Zooplankton"
"Bielersee...208";22;0,014447901558296;0,170538630911302;0,238080949416353;"18S_Zooplankton";"Bielersee 18S_Zooplankton"
"Brienzersee...209";15;0,0245932691917067;0,329381235487174;0,19817305206041;"18S_Zooplankton";"Brienzersee 18S_Zooplankton"
"Brunnsee...210";18;0,0214819080061846;0,305837820842724;0,185241807034877;"18S_Zooplankton";"Brunnsee 18S_Zooplankton"
"Burgschisee...211";13;0,0258752539849951;0,306030724207107;0,236552342144712;"18S_Zooplankton";"Burgschisee 18S_Zooplankton"
"Caumasee...212";24;0,0133983871630324;0,115112174295848;0,281203890591646;"18S_Zooplankton";"Caumasee 18S_Zooplankton"
"Gleinkersee...213";25;0,0136033080686277;0,0944697781432475;0,304248585881239;"18S_Zooplankton";"Gleinkersee 18S_Zooplankton"
"Greifensee...214";20;0,0161902131563084;0,214576167202609;0,214468628581317;"18S_Zooplankton";"Greifensee 18S_Zooplankton"
"Grundlsee...215";15;0,0184746457073373;0,251966280383652;0,203859044843638;"18S_Zooplankton";"Grundlsee 18S_Zooplankton"
"Halwilersee...216";14;0,0230060768355602;0,291502042930614;0,217445500632817;"18S_Zooplankton";"Halwilersee 18S_Zooplankton"
"Hechtsee...217";21;0,0137728822991865;0,178013836700616;0,222692455429811;"18S_Zooplankton";"Hechtsee 18S_Zooplankton"
"Hinterer_Gosausee...218";11;0,0305528539594546;0,297095641255182;0,300323188920729;"18S_Zooplankton";"Hinterer_Gosausee 18S_Zooplankton"
"Hintersteiner_See...219";10;0,0283981098086298;0,218957398612899;0,353201246425092;"18S_Zooplankton";"Hintersteiner_See 18S_Zooplankton"
"Hubertussee...220";10;0,0362776404115016;0,332386144102474;0,332144675029715;"18S_Zooplankton";"Hubertussee 18S_Zooplankton"
"Inkwilersee...221";15;0,020757302030026;0,280665393556848;0,2019196382905;"18S_Zooplankton";"Inkwilersee 18S_Zooplankton"
"Irrsee...222";21;0,0125347535110032;0,159008104846614;0,227183534858779;"18S_Zooplankton";"Irrsee 18S_Zooplankton"
"Kirchsee...223";25;0,0112009395624814;0,0614570614570615;0,309098203383918;"18S_Zooplankton";"Kirchsee 18S_Zooplankton"
"Klostersee...224";18;0,0202465548230398;0,288939886561892;0,187657627462419;"18S_Zooplankton";"Klostersee 18S_Zooplankton"
"Krotensee...225";25;0,0127560768188019;0,0843196863605027;0,304466538752253;"18S_Zooplankton";"Krotensee 18S_Zooplankton"
"Lag_Grond...226";15;0,0226513544034581;0,304982026644101;0,199807086182185;"18S_Zooplankton";"Lag_Grond 18S_Zooplankton"
"Lunzer_Obersee...227";12;0,0213890608171792;0,211006198701565;0,27898497643193;"18S_Zooplankton";"Lunzer_Obersee 18S_Zooplankton"
"Lunzer_Untersee...228";16;0,0201824393242643;0,284173485634967;0,191672398842672;"18S_Zooplankton";"Lunzer_Untersee 18S_Zooplankton"
"Mondsee...229";26;0,0117824580745424;0,042004103228593;0,335368335368335;"18S_Zooplankton";"Mondsee 18S_Zooplankton"
"Murtensee...230";17;0,0168493023954564;0,243512729895301;0,193258605578692;"18S_Zooplankton";"Murtensee 18S_Zooplankton"
"Neuenburgersee...231";20;0,016945430772916;0,230516817961361;0,207381435810895;"18S_Zooplankton";"Neuenburgersee 18S_Zooplankton"
"Offensee...232";19;0,0172889435237844;0,245242056244718;0,19668321655012;"18S_Zooplankton";"Offensee 18S_Zooplankton"
"Reintalersee...233";16;0,0217494273351059;0,30399854439701;0,190217227404656;"18S_Zooplankton";"Reintalersee 18S_Zooplankton"
"Rotsee...234";19;0,0192562980975154;0,270396596732;0,194592082799714;"18S_Zooplankton";"Rotsee 18S_Zooplankton"
"Rumensee...235";13;0,0251188708980534;0,296294883048587;0,237421062441563;"18S_Zooplankton";"Rumensee 18S_Zooplankton"
"Schliersee...236";21;0,0166369847019037;0,213678679925352;0,22060364345635;"18S_Zooplankton";"Schliersee 18S_Zooplankton"
"Schwarzensee_Strobl...237";22;0,0138665611167846;0,164971547890803;0,236832946211828;"18S_Zooplankton";"Schwarzensee_Strobl 18S_Zooplankton"
"Sempachersee...238";8;0,033729568348327;0,175217673106394;0,459441955965522;"18S_Zooplankton";"Sempachersee 18S_Zooplankton"
"Spitzingsee...239";18;0,0166286098027359;0,241141314514499;0,193042829459959;"18S_Zooplankton";"Spitzingsee 18S_Zooplankton"
"Steirersee...240";11;0,0279815336191585;0,261597173928207;0,305677925345863;"18S_Zooplankton";"Steirersee 18S_Zooplankton"
"Tegernsee...241";23;0,0120014006251613;0,117865573579859;0,262073540676025;"18S_Zooplankton";"Tegernsee 18S_Zooplankton"
"Thunersee...242";12;0,0248522686323693;0,257359371437845;0,273231180911411;"18S_Zooplankton";"Thunersee 18S_Zooplankton"
"Toplitzsee...243";18;0,0220787002021299;0,313349523048304;0,184726332828187;"18S_Zooplankton";"Toplitzsee 18S_Zooplankton"
"Tuerlersee...244";10;0,0268350336348844;0,195232383979118;0,358602232417994;"18S_Zooplankton";"Tuerlersee 18S_Zooplankton"
"Vierwaldstaettersee...245";22;0,015717609282809;0,189917859589554;0,233586574784445;"18S_Zooplankton";"Vierwaldstaettersee 18S_Zooplankton"
"Vorderer_Gosausee...246";16;0,0207893461278069;0,291785967393803;0,191174719188337;"18S_Zooplankton";"Vorderer_Gosausee 18S_Zooplankton"
"Walchsee...247";23;0,0113990690586716;0,111107041107041;0,261770906801963;"18S_Zooplankton";"Walchsee 18S_Zooplankton"
"Wallersee...248";25;0,0136656303245442;0,0957655345410448;0,303683436744661;"18S_Zooplankton";"Wallersee 18S_Zooplankton"
"Weitsee...249";17;0,0178934075946019;0,255851169297674;0,193160269310505;"18S_Zooplankton";"Weitsee 18S_Zooplankton"
"Wolfgangsee...250";16;0,0174433503255654;0,248250698586696;0,195484693705648;"18S_Zooplankton";"Wolfgangsee 18S_Zooplankton"
"Zuerichsee...251";13;0,0234552954365964;0,271119951665387;0,243093806462417;"18S_Zooplankton";"Zuerichsee 18S_Zooplankton"
"Zugersee...252";13;0,0233660954643822;0,273211293035012;0,239956768873329;"18S_Zooplankton";"Zugersee 18S_Zooplankton"
